{"cameraMode":{"drawMode":0,"name":"Shaded","section":"Shading Mode"},"sceneLighting":true,"audioPlay":false,"sceneViewState":{"showFog":true,"showMaterialUpdate":false,"showSkybox":true,"showFlares":true,"showImageEffects":true,"showParticleSystems":true},"in2DMode":false,"pivot":{"x":11.250627517700196,"y":-7.255429267883301,"z":-11.013262748718262},"rotation":{"x":-0.024411791935563089,"y":0.974758505821228,"z":-0.17767705023288728,"w":-0.13353493809700013},"size":34.865386962890628,"orthographic":false}